timestamp,open,high,low,close,vwap,volume,count
2024-12-29 14:30:00,0.0264,0.0264,0.0263,0.0263,0.02630,49642.10482094,7
2024-12-29 14:45:00,0.0263,0.0263,0.0263,0.0263,0.00000,0.0,0
2024-12-29 15:00:00,0.02628,0.02628,0.02628,0.02628,0.02628,10617.0,1
2024-12-29 15:15:00,0.02634,0.02636,0.02634,0.02636,0.02635,12547.460078,2
2024-12-29 15:30:00,0.02636,0.02636,0.02636,0.02636,0.00000,0.0,0
2024-12-29 15:45:00,0.02636,0.02636,0.02636,0.02636,0.00000,0.0,0
2024-12-29 16:00:00,0.02632,0.02632,0.02632,0.02632,0.02632,2198.93716,1
2024-12-29 16:15:00,0.02619,0.02619,0.02619,0.02619,0.02619,679.33439,1
2024-12-29 16:30:00,0.02617,0.02618,0.02617,0.02617,0.02617,60063.37279283,7
2024-12-29 16:45:00,0.02621,0.02621,0.02611,0.02611,0.02619,252422.47921336,21
2024-12-29 17:00:00,0.0261,0.0261,0.026,0.026,0.02602,31381.78564436,6
2024-12-29 17:15:00,0.026,0.026,0.026,0.026,0.00000,0.0,0
2024-12-29 17:30:00,0.02605,0.02605,0.02605,0.02605,0.02605,111143.94885,4
2024-12-29 17:45:00,0.02602,0.02602,0.02602,0.02602,0.02602,165.0,1
2024-12-29 18:00:00,0.02598,0.02598,0.02598,0.02598,0.02598,15585.0,1
2024-12-29 18:15:00,0.02598,0.02598,0.02598,0.02598,0.00000,0.0,0
2024-12-29 18:30:00,0.02598,0.02598,0.02598,0.02598,0.00000,0.0,0
2024-12-29 18:45:00,0.02598,0.02598,0.02598,0.02598,0.00000,0.0,0
2024-12-29 19:00:00,0.02647,0.02648,0.02641,0.02641,0.02641,56162.6070334,5
2024-12-29 19:15:00,0.02644,0.02647,0.02644,0.02647,0.02645,3143.29117758,2
2024-12-29 19:30:00,0.02643,0.02643,0.02643,0.02643,0.02643,231.42352,1
2024-12-29 19:45:00,0.02635,0.02635,0.02635,0.02635,0.02635,417.4573055,1
2024-12-29 20:00:00,0.02634,0.02634,0.02617,0.02617,0.02625,3742.60006536,3
2024-12-29 20:15:00,0.02613,0.02613,0.02613,0.02613,0.02613,24227.4,1
2024-12-29 20:30:00,0.026,0.026,0.02589,0.02598,0.02596,41410.03908828,6
2024-12-29 20:45:00,0.02598,0.02598,0.02598,0.02598,0.00000,0.0,0
2024-12-29 21:00:00,0.02621,0.02621,0.02616,0.02616,0.02618,148.25592,2
2024-12-29 21:15:00,0.02616,0.02616,0.02616,0.02616,0.00000,0.0,0
2024-12-29 21:30:00,0.0262,0.0262,0.02616,0.02616,0.02619,3521.18421453,2
2024-12-29 21:45:00,0.02616,0.02616,0.02616,0.02616,0.00000,0.0,0
2024-12-29 22:00:00,0.02599,0.02599,0.02568,0.0258,0.02572,12719.61223485,5
2024-12-29 22:15:00,0.0257,0.02582,0.02567,0.02582,0.02571,83185.11525743,16
2024-12-29 22:30:00,0.02581,0.02586,0.0258,0.0258,0.02581,90825.18287821,5
2024-12-29 22:45:00,0.0258,0.0258,0.0258,0.0258,0.00000,0.0,0
2024-12-29 23:00:00,0.02581,0.02581,0.02581,0.02581,0.02581,619.65760626,1
2024-12-29 23:15:00,0.02581,0.02581,0.02581,0.02581,0.00000,0.0,0
2024-12-29 23:30:00,0.02581,0.02581,0.02581,0.02581,0.00000,0.0,0
2024-12-29 23:45:00,0.02586,0.02586,0.02586,0.02586,0.02586,460.34732,1
2024-12-30 00:00:00,0.02561,0.0259,0.02561,0.0259,0.02570,369995.75632627,13
2024-12-30 00:15:00,0.02607,0.02607,0.02607,0.02607,0.02607,1061.22395627,1
2024-12-30 00:30:00,0.02607,0.02607,0.02607,0.02607,0.00000,0.0,0
2024-12-30 00:45:00,0.02591,0.02591,0.02591,0.02591,0.02591,910.45846393,1
2024-12-30 01:00:00,0.02605,0.02605,0.02593,0.02593,0.02601,183208.90947622,11
2024-12-30 01:15:00,0.02624,0.0265,0.02624,0.0265,0.02636,196075.89176678,9
2024-12-30 01:30:00,0.02645,0.02661,0.02645,0.02651,0.02655,112827.71781516,15
2024-12-30 01:45:00,0.02651,0.02651,0.02651,0.02651,0.00000,0.0,0
2024-12-30 02:00:00,0.02651,0.02651,0.02651,0.02651,0.00000,0.0,0
2024-12-30 02:15:00,0.02651,0.02651,0.02651,0.02651,0.00000,0.0,0
2024-12-30 02:30:00,0.02651,0.02651,0.02651,0.02651,0.00000,0.0,0
2024-12-30 02:45:00,0.02651,0.02651,0.02651,0.02651,0.00000,0.0,0
2024-12-30 03:00:00,0.02651,0.02651,0.02651,0.02651,0.00000,0.0,0
2024-12-30 03:15:00,0.02651,0.02651,0.02651,0.02651,0.00000,0.0,0
2024-12-30 03:30:00,0.02651,0.02651,0.02651,0.02651,0.00000,0.0,0
2024-12-30 03:45:00,0.02651,0.02651,0.02651,0.02651,0.00000,0.0,0
2024-12-30 04:00:00,0.02651,0.02651,0.02651,0.02651,0.00000,0.0,0
2024-12-30 04:15:00,0.02651,0.02651,0.02651,0.02651,0.00000,0.0,0
2024-12-30 04:30:00,0.02651,0.02651,0.02651,0.02651,0.00000,0.0,0
2024-12-30 04:45:00,0.02651,0.02651,0.02651,0.02651,0.00000,0.0,0
2024-12-30 05:00:00,0.02617,0.02627,0.02617,0.02627,0.02619,2199.54984768,2
2024-12-30 05:15:00,0.02616,0.02616,0.02616,0.02616,0.02616,3110.11045286,1
2024-12-30 05:30:00,0.02616,0.02616,0.02616,0.02616,0.00000,0.0,0
2024-12-30 05:45:00,0.02616,0.02616,0.02616,0.02616,0.00000,0.0,0
2024-12-30 06:00:00,0.02616,0.02616,0.02616,0.02616,0.00000,0.0,0
2024-12-30 06:15:00,0.02661,0.02668,0.02661,0.02668,0.02662,2025.51914944,2
2024-12-30 06:30:00,0.02668,0.02668,0.02668,0.02668,0.00000,0.0,0
2024-12-30 06:45:00,0.02668,0.02668,0.02668,0.02668,0.00000,0.0,0
2024-12-30 07:00:00,0.02668,0.02668,0.02668,0.02668,0.00000,0.0,0
2024-12-30 07:15:00,0.02668,0.02668,0.02668,0.02668,0.00000,0.0,0
2024-12-30 07:30:00,0.02668,0.02668,0.02668,0.02668,0.00000,0.0,0
2024-12-30 07:45:00,0.02668,0.02668,0.02668,0.02668,0.00000,0.0,0
2024-12-30 08:00:00,0.02668,0.02668,0.02668,0.02668,0.00000,0.0,0
2024-12-30 08:15:00,0.02628,0.02628,0.02628,0.02628,0.02628,34245.4,1
2024-12-30 08:30:00,0.02617,0.02629,0.02617,0.02629,0.02628,30095.92453319,2
2024-12-30 08:45:00,0.02622,0.02622,0.02622,0.02622,0.02622,346.11215,1
2024-12-30 09:00:00,0.02609,0.02609,0.02609,0.02609,0.02609,30319.6,2
2024-12-30 09:15:00,0.02604,0.02604,0.026,0.026,0.02603,5560.90413453,2
2024-12-30 09:30:00,0.026,0.026,0.026,0.026,0.00000,0.0,0
2024-12-30 09:45:00,0.026,0.026,0.026,0.026,0.00000,0.0,0
2024-12-30 10:00:00,0.02602,0.02602,0.02602,0.02602,0.02602,28765.0,2
2024-12-30 10:15:00,0.02602,0.02602,0.02602,0.02602,0.02602,19215.98770176,1
2024-12-30 10:30:00,0.02594,0.02595,0.02581,0.02583,0.02592,45998.17180231,7
2024-12-30 10:45:00,0.02581,0.02581,0.02577,0.02578,0.02577,48712.44898766,5
2024-12-30 11:00:00,0.02572,0.02572,0.02561,0.02561,0.02568,21141.54248293,7
2024-12-30 11:15:00,0.02566,0.0257,0.02566,0.0257,0.02569,16208.59808072,2
2024-12-30 11:30:00,0.0257,0.0257,0.0257,0.0257,0.00000,0.0,0
2024-12-30 11:45:00,0.0257,0.0257,0.0257,0.0257,0.00000,0.0,0
2024-12-30 12:00:00,0.0257,0.0257,0.0257,0.0257,0.00000,0.0,0
2024-12-30 12:15:00,0.02602,0.02624,0.02602,0.02624,0.02605,13423.56043478,3
2024-12-30 12:30:00,0.02624,0.02624,0.02624,0.02624,0.00000,0.0,0
2024-12-30 12:45:00,0.02624,0.02624,0.02624,0.02624,0.00000,0.0,0
2024-12-30 13:00:00,0.02581,0.02581,0.02581,0.02581,0.02581,1593.34779358,1
2024-12-30 13:15:00,0.02561,0.02561,0.02557,0.02557,0.02557,42171.33493729,3
2024-12-30 13:30:00,0.02546,0.02546,0.02546,0.02546,0.02546,1615.25163206,1
2024-12-30 13:45:00,0.0255,0.0255,0.02522,0.02524,0.02528,84520.15634751,13
2024-12-30 14:00:00,0.0252,0.02533,0.0252,0.02533,0.02528,14691.55956302,3
2024-12-30 14:15:00,0.02533,0.02533,0.02533,0.02533,0.00000,0.0,0
2024-12-30 14:30:00,0.02532,0.02532,0.02506,0.02521,0.02513,16912.63331192,6
2024-12-30 14:45:00,0.02499,0.02501,0.02497,0.02498,0.02498,133084.30091757,13
2024-12-30 15:00:00,0.02503,0.02511,0.02503,0.02503,0.02507,39698.86935064,5
2024-12-30 15:15:00,0.02499,0.02499,0.02496,0.02496,0.02497,19065.56818714,3
2024-12-30 15:30:00,0.02491,0.02491,0.02487,0.02487,0.02490,23910.67070293,8
2024-12-30 15:45:00,0.02487,0.02487,0.02487,0.02487,0.00000,0.0,0
2024-12-30 16:00:00,0.02487,0.02487,0.02487,0.02487,0.00000,0.0,0
2024-12-30 16:15:00,0.02487,0.02487,0.02487,0.02487,0.00000,0.0,0
2024-12-30 16:30:00,0.02498,0.02498,0.02498,0.02498,0.02498,330.0,2
2024-12-30 16:45:00,0.02484,0.02484,0.02478,0.02478,0.02480,2753.69672562,2
2024-12-30 17:00:00,0.02478,0.02478,0.02478,0.02478,0.00000,0.0,0
2024-12-30 17:15:00,0.02478,0.02478,0.02478,0.02478,0.00000,0.0,0
2024-12-30 17:30:00,0.02519,0.02567,0.02519,0.02567,0.02540,5461.85209573,4
2024-12-30 17:45:00,0.02589,0.02592,0.02574,0.02574,0.02577,135665.54773458,18
2024-12-30 18:00:00,0.02593,0.02624,0.02589,0.02624,0.02594,29986.55709817,13
2024-12-30 18:15:00,0.02644,0.02644,0.02634,0.02634,0.02637,255620.09665241,18
2024-12-30 18:30:00,0.02647,0.02661,0.02647,0.0265,0.02651,177132.00994789,13
2024-12-30 18:45:00,0.02657,0.02659,0.02657,0.02659,0.02658,18146.90235428,3
2024-12-30 19:00:00,0.02667,0.02667,0.02658,0.02658,0.02665,62603.62230227,8
2024-12-30 19:15:00,0.02658,0.02658,0.02658,0.02658,0.00000,0.0,0
2024-12-30 19:30:00,0.02644,0.02644,0.02644,0.02644,0.02644,631.55405923,1
2024-12-30 19:45:00,0.02644,0.02644,0.02644,0.02644,0.00000,0.0,0
2024-12-30 20:00:00,0.02688,0.02688,0.02688,0.02688,0.02688,1029.46763334,1
2024-12-30 20:15:00,0.02672,0.02687,0.02672,0.02683,0.02678,8713.90986473,5
2024-12-30 20:30:00,0.02683,0.02683,0.02683,0.02683,0.00000,0.0,0
2024-12-30 20:45:00,0.02683,0.02683,0.02683,0.02683,0.00000,0.0,0
2024-12-30 21:00:00,0.0264,0.0264,0.0264,0.0264,0.02640,1029.46763334,1
2024-12-30 21:15:00,0.0264,0.0264,0.0264,0.0264,0.00000,0.0,0
2024-12-30 21:30:00,0.02627,0.02627,0.02577,0.02577,0.02591,17877.61784404,7
2024-12-30 21:45:00,0.02577,0.026,0.02577,0.02594,0.02593,108319.53727651,12
2024-12-30 22:00:00,0.02594,0.02594,0.02594,0.02594,0.00000,0.0,0
2024-12-30 22:15:00,0.02594,0.02594,0.02594,0.02594,0.00000,0.0,0
2024-12-30 22:30:00,0.02594,0.02594,0.02594,0.02594,0.00000,0.0,0
2024-12-30 22:45:00,0.02594,0.02594,0.02594,0.02594,0.00000,0.0,0
2024-12-30 23:00:00,0.02588,0.02588,0.02588,0.02588,0.02588,165.0,1
2024-12-30 23:15:00,0.02588,0.02588,0.02588,0.02588,0.00000,0.0,0
2024-12-30 23:30:00,0.02588,0.02588,0.02588,0.02588,0.00000,0.0,0
2024-12-30 23:45:00,0.02588,0.02588,0.02588,0.02588,0.00000,0.0,0
2024-12-31 00:00:00,0.02588,0.02588,0.02588,0.02588,0.00000,0.0,0
2024-12-31 00:15:00,0.02588,0.02588,0.02588,0.02588,0.00000,0.0,0
2024-12-31 00:30:00,0.02588,0.02588,0.02588,0.02588,0.00000,0.0,0
2024-12-31 00:45:00,0.02598,0.02598,0.02579,0.02579,0.02597,9491.77988,3
2024-12-31 01:00:00,0.02569,0.02573,0.02561,0.02565,0.02565,124986.23159192,8
2024-12-31 01:15:00,0.02565,0.02565,0.02565,0.02565,0.00000,0.0,0
2024-12-31 01:30:00,0.02551,0.02552,0.0255,0.0255,0.02551,42772.44339276,5
2024-12-31 01:45:00,0.0255,0.0255,0.0255,0.0255,0.00000,0.0,0
2024-12-31 02:00:00,0.0255,0.0255,0.0255,0.0255,0.00000,0.0,0
2024-12-31 02:15:00,0.02546,0.02546,0.02546,0.02546,0.02546,1615.25163206,1
2024-12-31 02:30:00,0.02561,0.02561,0.02561,0.02561,0.02561,200.22902396,1
2024-12-31 02:45:00,0.02561,0.02561,0.02561,0.02561,0.00000,0.0,0
2024-12-31 03:00:00,0.02552,0.02552,0.02552,0.02552,0.02552,2506.38527,1
2024-12-31 03:15:00,0.02552,0.02552,0.02552,0.02552,0.00000,0.0,0
2024-12-31 03:30:00,0.02552,0.02552,0.02552,0.02552,0.00000,0.0,0
2024-12-31 03:45:00,0.02546,0.02546,0.02546,0.02546,0.02546,9193.94633043,1
2024-12-31 04:00:00,0.02542,0.02542,0.02542,0.02542,0.02542,947.68764215,1
2024-12-31 04:15:00,0.02542,0.02542,0.02542,0.02542,0.00000,0.0,0
2024-12-31 04:30:00,0.02542,0.02542,0.02542,0.02542,0.00000,0.0,0
2024-12-31 04:45:00,0.02542,0.02542,0.02542,0.02542,0.00000,0.0,0
2024-12-31 05:00:00,0.02542,0.02542,0.02542,0.02542,0.00000,0.0,0
2024-12-31 05:15:00,0.02527,0.0254,0.02527,0.0254,0.02531,24806.99895985,6
2024-12-31 05:30:00,0.02547,0.02554,0.02547,0.02554,0.02553,19161.93141,2
2024-12-31 05:45:00,0.02548,0.02548,0.02544,0.02544,0.02546,262400.43358,10
2024-12-31 06:00:00,0.02551,0.02551,0.02551,0.02551,0.02551,12076.44061152,1
2024-12-31 06:15:00,0.02551,0.02551,0.02551,0.02551,0.00000,0.0,0
2024-12-31 06:30:00,0.02551,0.02551,0.02551,0.02551,0.00000,0.0,0
2024-12-31 06:45:00,0.02551,0.02551,0.02551,0.02551,0.00000,0.0,0
2024-12-31 07:00:00,0.02561,0.02561,0.02561,0.02561,0.02561,605.0,1
2024-12-31 07:15:00,0.02561,0.02561,0.02561,0.02561,0.00000,0.0,0
2024-12-31 07:30:00,0.02561,0.02561,0.02561,0.02561,0.00000,0.0,0
2024-12-31 07:45:00,0.02553,0.02553,0.02553,0.02553,0.02553,191.08035371,1
2024-12-31 08:00:00,0.02553,0.02553,0.02553,0.02553,0.00000,0.0,0
2024-12-31 08:15:00,0.02557,0.02607,0.02557,0.02607,0.02579,4562.53639558,3
2024-12-31 08:30:00,0.02624,0.02624,0.02598,0.02608,0.02606,15322.32420579,4
2024-12-31 08:45:00,0.02608,0.02608,0.02608,0.02608,0.00000,0.0,0
2024-12-31 09:00:00,0.02608,0.02608,0.02608,0.02608,0.00000,0.0,0
2024-12-31 09:15:00,0.02607,0.02607,0.02607,0.02607,0.02607,165.0,1
2024-12-31 09:30:00,0.02604,0.02615,0.02604,0.02615,0.02614,13962.88689495,4
2024-12-31 09:45:00,0.02619,0.02619,0.02611,0.02614,0.02613,9366.08393451,4
2024-12-31 10:00:00,0.02614,0.02614,0.02614,0.02614,0.00000,0.0,0
2024-12-31 10:15:00,0.02581,0.02624,0.02581,0.02597,0.02596,20078.43902822,4
2024-12-31 10:30:00,0.02597,0.02597,0.02597,0.02597,0.00000,0.0,0
2024-12-31 10:45:00,0.02597,0.02597,0.02597,0.02597,0.00000,0.0,0
2024-12-31 11:00:00,0.02581,0.02581,0.02581,0.02581,0.02581,1593.34779358,1
2024-12-31 11:15:00,0.02581,0.02581,0.02581,0.02581,0.00000,0.0,0
2024-12-31 11:30:00,0.02581,0.02581,0.02581,0.02581,0.00000,0.0,0
2024-12-31 11:45:00,0.02581,0.02581,0.02581,0.02581,0.00000,0.0,0
2024-12-31 12:00:00,0.02581,0.02581,0.02581,0.02581,0.00000,0.0,0
2024-12-31 12:15:00,0.02581,0.02581,0.02581,0.02581,0.00000,0.0,0
2024-12-31 12:30:00,0.0259,0.0259,0.02575,0.02575,0.02577,107033.34441,5
2024-12-31 12:45:00,0.02561,0.02561,0.02561,0.02561,0.02561,1061.22395627,1
2024-12-31 13:00:00,0.02566,0.02574,0.02566,0.02574,0.02566,23628.76225,2
2024-12-31 13:15:00,0.02607,0.02626,0.02607,0.02626,0.02617,2675.68143477,3
2024-12-31 13:30:00,0.02622,0.02638,0.02618,0.02638,0.02618,74216.87143129,5
2024-12-31 13:45:00,0.02629,0.02642,0.02629,0.0264,0.02638,114822.93621012,13
2024-12-31 14:00:00,0.02637,0.02647,0.02637,0.02647,0.02642,1772.41632693,2
2024-12-31 14:15:00,0.02647,0.02647,0.02647,0.02647,0.00000,0.0,0
2024-12-31 14:30:00,0.02647,0.02647,0.02647,0.02647,0.00000,0.0,0
2024-12-31 14:45:00,0.02647,0.02647,0.02647,0.02647,0.00000,0.0,0
2024-12-31 15:00:00,0.02642,0.02642,0.02618,0.02618,0.02618,104239.43157895,5
2024-12-31 15:15:00,0.02612,0.02612,0.02607,0.02607,0.02610,200000.0,7
2024-12-31 15:30:00,0.02607,0.02607,0.02607,0.02607,0.00000,0.0,0
2024-12-31 15:45:00,0.02607,0.02607,0.02607,0.02607,0.00000,0.0,0
2024-12-31 16:00:00,0.02607,0.02607,0.02607,0.02607,0.00000,0.0,0
2024-12-31 16:15:00,0.02607,0.02607,0.02607,0.02607,0.00000,0.0,0
2024-12-31 16:30:00,0.02607,0.02607,0.02607,0.02607,0.00000,0.0,0
2024-12-31 16:45:00,0.02631,0.02631,0.02628,0.02628,0.02628,56829.0,2
2024-12-31 17:00:00,0.02628,0.02628,0.02628,0.02628,0.00000,0.0,0
2024-12-31 17:15:00,0.02628,0.02628,0.02628,0.02628,0.00000,0.0,0
2024-12-31 17:30:00,0.026,0.026,0.02561,0.02586,0.02584,11343.81451837,4
2024-12-31 17:45:00,0.0257,0.02571,0.02562,0.02562,0.02567,13393.00186985,4
2024-12-31 18:00:00,0.02593,0.02593,0.02593,0.02593,0.02593,30000.0,2
2024-12-31 18:15:00,0.02572,0.02572,0.02572,0.02572,0.02572,1000.0,1
2024-12-31 18:30:00,0.02583,0.02583,0.02583,0.02583,0.02583,171.74481372,1
2024-12-31 18:45:00,0.02583,0.02583,0.02583,0.02583,0.00000,0.0,0
2024-12-31 19:00:00,0.02583,0.02583,0.02583,0.02583,0.00000,0.0,0
2024-12-31 19:15:00,0.02583,0.02583,0.02583,0.02583,0.00000,0.0,0
2024-12-31 19:30:00,0.02583,0.02583,0.02583,0.02583,0.00000,0.0,0
2024-12-31 19:45:00,0.02567,0.02567,0.02567,0.02567,0.02567,31966.0,2
2024-12-31 20:00:00,0.02567,0.02567,0.02567,0.02567,0.00000,0.0,0
2024-12-31 20:15:00,0.02574,0.02574,0.02574,0.02574,0.02574,37.62716,1
2024-12-31 20:30:00,0.02562,0.02562,0.02562,0.02562,0.02562,528.23184867,1
2024-12-31 20:45:00,0.02562,0.02562,0.02562,0.02562,0.00000,0.0,0
2024-12-31 21:00:00,0.02562,0.02562,0.02562,0.02562,0.00000,0.0,0
2024-12-31 21:15:00,0.02568,0.02568,0.02568,0.02568,0.02568,5886.0,1
2024-12-31 21:30:00,0.02568,0.02568,0.02568,0.02568,0.00000,0.0,0
2024-12-31 21:45:00,0.02568,0.02568,0.02568,0.02568,0.00000,0.0,0
2024-12-31 22:00:00,0.02587,0.02587,0.02587,0.02587,0.02587,3500.0,1
2024-12-31 22:15:00,0.02566,0.02566,0.02557,0.02557,0.02557,39180.78273149,2
2024-12-31 22:30:00,0.02549,0.02549,0.02549,0.02549,0.02549,2558.57503918,1
2024-12-31 22:45:00,0.02546,0.02546,0.02546,0.02546,0.02546,1615.25163206,1
2024-12-31 23:00:00,0.02546,0.02546,0.02546,0.02546,0.00000,0.0,0
2024-12-31 23:15:00,0.02546,0.02546,0.02546,0.02546,0.00000,0.0,0
2024-12-31 23:30:00,0.0254,0.02542,0.0254,0.02542,0.02540,29904.7496105,3
2024-12-31 23:45:00,0.02542,0.02542,0.02542,0.02542,0.00000,0.0,0
2025-01-01 00:00:00,0.02542,0.02542,0.02542,0.02542,0.00000,0.0,0
2025-01-01 00:15:00,0.0257,0.0257,0.0257,0.0257,0.02570,120.52529,1
2025-01-01 00:30:00,0.02583,0.02584,0.02583,0.02584,0.02583,1238.23286,2
2025-01-01 00:45:00,0.02586,0.02607,0.02586,0.02605,0.02600,15880.76708544,21
2025-01-01 01:00:00,0.02603,0.02603,0.02603,0.02603,0.02603,66310.79523626,1
2025-01-01 01:15:00,0.02603,0.02603,0.02603,0.02603,0.00000,0.0,0
2025-01-01 01:30:00,0.02603,0.02603,0.02603,0.02603,0.00000,0.0,0
2025-01-01 01:45:00,0.02603,0.02603,0.02603,0.02603,0.00000,0.0,0
2025-01-01 02:00:00,0.02603,0.02603,0.02603,0.02603,0.00000,0.0,0
2025-01-01 02:15:00,0.02603,0.02603,0.02603,0.02603,0.00000,0.0,0
2025-01-01 02:30:00,0.02603,0.02603,0.02603,0.02603,0.00000,0.0,0
2025-01-01 02:45:00,0.02576,0.02576,0.02576,0.02576,0.02576,4470.41418,1
2025-01-01 03:00:00,0.02567,0.02567,0.02567,0.02567,0.02567,9177.15937,1
2025-01-01 03:15:00,0.02561,0.02561,0.02561,0.02561,0.02561,1061.22395627,1
2025-01-01 03:30:00,0.02556,0.02556,0.02556,0.02556,0.02556,165.52593799,1
2025-01-01 03:45:00,0.02556,0.02556,0.02556,0.02556,0.00000,0.0,0
2025-01-01 04:00:00,0.02556,0.02556,0.02556,0.02556,0.00000,0.0,0
2025-01-01 04:15:00,0.02556,0.02556,0.02556,0.02556,0.00000,0.0,0
2025-01-01 04:30:00,0.02546,0.02546,0.02541,0.02541,0.02541,67859.73607308,4
2025-01-01 04:45:00,0.02541,0.02541,0.02541,0.02541,0.00000,0.0,0
2025-01-01 05:00:00,0.02541,0.02541,0.02541,0.02541,0.00000,0.0,0
2025-01-01 05:15:00,0.02551,0.02551,0.02551,0.02551,0.02551,527.94905,1
2025-01-01 05:30:00,0.02542,0.02542,0.02542,0.02542,0.02542,9204.78688138,1
2025-01-01 05:45:00,0.02547,0.02547,0.02546,0.02546,0.02546,76285.3661651,4
2025-01-01 06:00:00,0.02537,0.02538,0.02537,0.02538,0.02537,15644.37097287,3
2025-01-01 06:15:00,0.02535,0.02535,0.02535,0.02535,0.02535,2477.02126085,1
2025-01-01 06:30:00,0.0253,0.02537,0.0253,0.02537,0.02534,20812.27790598,5
2025-01-01 06:45:00,0.02537,0.02537,0.02537,0.02537,0.00000,0.0,0
2025-01-01 07:00:00,0.02537,0.02538,0.02537,0.02538,0.02537,200000.0,6
2025-01-01 07:15:00,0.02538,0.02538,0.02538,0.02538,0.02538,62853.55122564,1
2025-01-01 07:30:00,0.02538,0.02538,0.02538,0.02538,0.00000,0.0,0
2025-01-01 07:45:00,0.02539,0.0254,0.02539,0.0254,0.02539,26503.54951835,2
2025-01-01 08:00:00,0.0254,0.0254,0.0254,0.0254,0.00000,0.0,0
2025-01-01 08:15:00,0.02534,0.02534,0.02534,0.02534,0.02534,8351.0,1
2025-01-01 08:30:00,0.02534,0.02534,0.02534,0.02534,0.00000,0.0,0
2025-01-01 08:45:00,0.02526,0.02526,0.02522,0.02522,0.02524,36403.49782129,3
2025-01-01 09:00:00,0.02512,0.02512,0.02511,0.02511,0.02511,6192.12070494,2
2025-01-01 09:15:00,0.02501,0.02501,0.02475,0.02477,0.02494,384508.42384305,31
2025-01-01 09:30:00,0.02481,0.02481,0.02477,0.02477,0.02478,35552.1770442,7
2025-01-01 09:45:00,0.02477,0.02477,0.02477,0.02477,0.02477,5473.0,1
2025-01-01 10:00:00,0.02477,0.02477,0.02477,0.02477,0.00000,0.0,0
2025-01-01 10:15:00,0.02477,0.02477,0.02477,0.02477,0.00000,0.0,0
2025-01-01 10:30:00,0.02492,0.02492,0.02492,0.02492,0.02492,173.14651726,1
2025-01-01 10:45:00,0.02492,0.02492,0.02492,0.02492,0.00000,0.0,0
2025-01-01 11:00:00,0.02486,0.02486,0.02486,0.02486,0.02486,990.76999,1
2025-01-01 11:15:00,0.02486,0.02486,0.02486,0.02486,0.00000,0.0,0
2025-01-01 11:30:00,0.02486,0.02486,0.02486,0.02486,0.00000,0.0,0
2025-01-01 11:45:00,0.02519,0.02519,0.02519,0.02519,0.02519,1656.25738307,1
2025-01-01 12:00:00,0.02513,0.02513,0.02513,0.02513,0.02513,6154.0,1
2025-01-01 12:15:00,0.02513,0.02513,0.02513,0.02513,0.00000,0.0,0
2025-01-01 12:30:00,0.02513,0.02513,0.02513,0.02513,0.00000,0.0,0
2025-01-01 12:45:00,0.02513,0.02513,0.02513,0.02513,0.00000,0.0,0
2025-01-01 13:00:00,0.02529,0.02529,0.02529,0.02529,0.02529,1094.12019002,1
2025-01-01 13:15:00,0.02524,0.02524,0.02523,0.02523,0.02523,16170.09408,4
2025-01-01 13:30:00,0.02523,0.02523,0.02523,0.02523,0.00000,0.0,0
2025-01-01 13:45:00,0.02523,0.02523,0.02523,0.02523,0.00000,0.0,0
2025-01-01 14:00:00,0.02554,0.02567,0.02554,0.02557,0.02557,25345.74695715,7
2025-01-01 14:15:00,0.02557,0.02557,0.02557,0.02557,0.00000,0.0,0
2025-01-01 14:30:00,0.02522,0.02522,0.02522,0.02522,0.02522,1077.63463601,1
2025-01-01 14:45:00,0.02522,0.02522,0.02522,0.02522,0.00000,0.0,0
2025-01-01 15:00:00,0.02522,0.02522,0.02522,0.02522,0.00000,0.0,0
2025-01-01 15:15:00,0.02522,0.02522,0.02522,0.02522,0.00000,0.0,0
2025-01-01 15:30:00,0.02522,0.02522,0.02522,0.02522,0.00000,0.0,0
2025-01-01 15:45:00,0.02567,0.02573,0.02562,0.02573,0.02563,53122.37922963,11
2025-01-01 16:00:00,0.02575,0.02575,0.02575,0.02575,0.02575,11163.24594765,1
2025-01-01 16:15:00,0.0256,0.0256,0.0256,0.0256,0.02560,5821.29785386,1
2025-01-01 16:30:00,0.02564,0.02564,0.02557,0.02557,0.02563,94310.50829256,3
2025-01-01 16:45:00,0.02557,0.02557,0.02557,0.02557,0.00000,0.0,0
2025-01-01 17:00:00,0.02534,0.02534,0.02534,0.02534,0.02534,485.326,1
2025-01-01 17:15:00,0.02522,0.02532,0.02522,0.02532,0.02528,3052.35817471,2
2025-01-01 17:30:00,0.02531,0.02533,0.02531,0.02533,0.02532,8799.06091346,2
2025-01-01 17:45:00,0.02533,0.02533,0.02533,0.02533,0.00000,0.0,0
2025-01-01 18:00:00,0.02533,0.02533,0.02533,0.02533,0.00000,0.0,0
2025-01-01 18:15:00,0.02533,0.02533,0.02533,0.02533,0.00000,0.0,0
2025-01-01 18:30:00,0.02567,0.02581,0.02567,0.02581,0.02578,5632.64122661,2
2025-01-01 18:45:00,0.02581,0.02587,0.02581,0.02584,0.02585,102288.55785384,9
2025-01-01 19:00:00,0.02589,0.02603,0.02589,0.026,0.02597,9206.93442903,6
2025-01-01 19:15:00,0.026,0.026,0.026,0.026,0.00000,0.0,0
2025-01-01 19:30:00,0.02589,0.02589,0.02589,0.02589,0.02589,195622.24797219,1
2025-01-01 19:45:00,0.02607,0.02616,0.02607,0.02616,0.02609,1551.804804,2
2025-01-01 20:00:00,0.02613,0.02614,0.02613,0.02614,0.02613,68800.03331809,2
2025-01-01 20:15:00,0.02614,0.02614,0.02614,0.02614,0.00000,0.0,0
2025-01-01 20:30:00,0.02606,0.02606,0.02606,0.02606,0.02606,236.9019672,1
2025-01-01 20:45:00,0.02612,0.02612,0.02612,0.02612,0.02612,1953.88823759,1
2025-01-01 21:00:00,0.02621,0.02621,0.02621,0.02621,0.02621,8841.01276874,2
2025-01-01 21:15:00,0.02621,0.02621,0.02621,0.02621,0.00000,0.0,0
2025-01-01 21:30:00,0.02621,0.02621,0.02621,0.02621,0.00000,0.0,0
2025-01-01 21:45:00,0.02621,0.02621,0.02621,0.02621,0.00000,0.0,0
2025-01-01 22:00:00,0.02592,0.02592,0.02592,0.02592,0.02592,6075.6294352,1
2025-01-01 22:15:00,0.02603,0.02603,0.02603,0.02603,0.02603,391.13528,1
2025-01-01 22:30:00,0.02603,0.02603,0.02603,0.02603,0.00000,0.0,0
2025-01-01 22:45:00,0.02603,0.02603,0.02603,0.02603,0.00000,0.0,0
2025-01-01 23:00:00,0.02603,0.02603,0.02603,0.02603,0.00000,0.0,0
2025-01-01 23:15:00,0.02603,0.02603,0.02603,0.02603,0.00000,0.0,0
2025-01-01 23:30:00,0.02607,0.02607,0.02605,0.02605,0.02606,120000.0,4
2025-01-01 23:45:00,0.02605,0.02605,0.02605,0.02605,0.00000,0.0,0
2025-01-02 00:00:00,0.02605,0.02605,0.02605,0.02605,0.00000,0.0,0
2025-01-02 00:15:00,0.02624,0.02654,0.02624,0.02654,0.02648,10279.40386702,3
2025-01-02 00:30:00,0.0264,0.02657,0.0264,0.02657,0.02649,105964.72618862,13
2025-01-02 00:45:00,0.02661,0.02661,0.02649,0.02649,0.02659,8758.13153161,4
2025-01-02 01:00:00,0.02659,0.0267,0.02659,0.0267,0.02668,13783.4570635,4
2025-01-02 01:15:00,0.02661,0.02661,0.02657,0.02657,0.02659,183678.96791023,7
2025-01-02 01:30:00,0.02651,0.02651,0.02651,0.02651,0.02651,791.48814452,1
2025-01-02 01:45:00,0.02651,0.02651,0.02651,0.02651,0.00000,0.0,0
2025-01-02 02:00:00,0.02651,0.02651,0.02651,0.02651,0.00000,0.0,0
2025-01-02 02:15:00,0.02651,0.02651,0.02651,0.02651,0.00000,0.0,0
2025-01-02 02:30:00,0.02651,0.02651,0.02651,0.02651,0.00000,0.0,0
2025-01-02 02:45:00,0.02651,0.02651,0.02651,0.02651,0.00000,0.0,0
2025-01-02 03:00:00,0.02642,0.02642,0.02642,0.02642,0.02642,2481.56957,1
2025-01-02 03:15:00,0.02642,0.02642,0.02642,0.02642,0.00000,0.0,0
2025-01-02 03:30:00,0.02653,0.02655,0.02653,0.02655,0.02654,111278.45083634,4
2025-01-02 03:45:00,0.02655,0.02655,0.02655,0.02655,0.00000,0.0,0
2025-01-02 04:00:00,0.0266,0.0266,0.02652,0.02652,0.02654,200867.2492,7
2025-01-02 04:15:00,0.02652,0.02652,0.02652,0.02652,0.00000,0.0,0
2025-01-02 04:30:00,0.02688,0.02688,0.02688,0.02688,0.02688,1029.46763334,1
2025-01-02 04:45:00,0.02694,0.02696,0.02694,0.02696,0.02695,2100.59213,2
2025-01-02 05:00:00,0.02696,0.02696,0.02677,0.02677,0.02680,2372.32164466,4
2025-01-02 05:15:00,0.0268,0.02683,0.0268,0.02683,0.02681,31961.53044955,5
2025-01-02 05:30:00,0.02685,0.02688,0.02685,0.02688,0.02685,14245.82665467,3
2025-01-02 05:45:00,0.02688,0.02688,0.02688,0.02688,0.00000,0.0,0
2025-01-02 06:00:00,0.0268,0.0268,0.02679,0.02679,0.02679,4275.5752043,2
2025-01-02 06:15:00,0.02679,0.02679,0.02679,0.02679,0.00000,0.0,0
2025-01-02 06:30:00,0.02679,0.02679,0.02679,0.02679,0.00000,0.0,0
2025-01-02 06:45:00,0.02679,0.02679,0.02679,0.02679,0.00000,0.0,0
2025-01-02 07:00:00,0.02693,0.02693,0.02686,0.02686,0.02688,136343.61095732,7
2025-01-02 07:15:00,0.02692,0.02692,0.02691,0.02691,0.02691,16349.62694128,3
2025-01-02 07:30:00,0.02693,0.02693,0.02693,0.02693,0.02693,14908.39979,1
2025-01-02 07:45:00,0.02693,0.02693,0.02693,0.02693,0.00000,0.0,0
2025-01-02 08:00:00,0.02701,0.0271,0.02701,0.02708,0.02706,130494.38736961,18
2025-01-02 08:15:00,0.02707,0.02707,0.027,0.027,0.02701,7566.16848453,2
2025-01-02 08:30:00,0.027,0.027,0.027,0.027,0.00000,0.0,0
2025-01-02 08:45:00,0.027,0.027,0.027,0.027,0.00000,0.0,0
2025-01-02 09:00:00,0.02707,0.02707,0.02702,0.02702,0.02706,200000.0,6
2025-01-02 09:15:00,0.02712,0.02712,0.02711,0.02711,0.02711,18014.04510225,5
2025-01-02 09:30:00,0.02711,0.02711,0.02711,0.02711,0.00000,0.0,0
2025-01-02 09:45:00,0.0272,0.02728,0.0272,0.02727,0.02722,2977.06835752,3
2025-01-02 10:00:00,0.02724,0.02727,0.02724,0.02727,0.02725,10591.32689279,3
2025-01-02 10:15:00,0.02727,0.02727,0.02727,0.02727,0.00000,0.0,0
2025-01-02 10:30:00,0.02725,0.02729,0.02725,0.02729,0.02727,1701.73102941,2
2025-01-02 10:45:00,0.02722,0.02722,0.02722,0.02722,0.02722,798.90282764,1
2025-01-02 11:00:00,0.02723,0.02723,0.02723,0.02723,0.02723,45605.0,2
2025-01-02 11:15:00,0.02706,0.02707,0.02706,0.02707,0.02706,6858.22398522,2
2025-01-02 11:30:00,0.02707,0.02707,0.02707,0.02707,0.00000,0.0,0
2025-01-02 11:45:00,0.02707,0.02707,0.02707,0.02707,0.00000,0.0,0
2025-01-02 12:00:00,0.02734,0.02734,0.02734,0.02734,0.02734,1526.29445713,1
2025-01-02 12:15:00,0.02738,0.02738,0.02728,0.02728,0.02732,33039.43505724,3
2025-01-02 12:30:00,0.02728,0.02728,0.02728,0.02728,0.00000,0.0,0
2025-01-02 12:45:00,0.02748,0.02749,0.02739,0.02739,0.02745,1803.8996411,5
2025-01-02 13:00:00,0.02744,0.02749,0.02738,0.02738,0.02747,47059.31490523,4
2025-01-02 13:15:00,0.02738,0.02738,0.02738,0.02738,0.00000,0.0,0
2025-01-02 13:30:00,0.02728,0.02728,0.02728,0.02728,0.02728,42372.22621,1
2025-01-02 13:45:00,0.02732,0.02732,0.02732,0.02732,0.02732,545.31391,1
2025-01-02 14:00:00,0.02732,0.02732,0.02732,0.02732,0.00000,0.0,0
2025-01-02 14:15:00,0.02709,0.02709,0.02709,0.02709,0.02709,18548.0,2
2025-01-02 14:30:00,0.02721,0.02726,0.02721,0.02726,0.02722,969.73654923,2
2025-01-02 14:45:00,0.0273,0.0273,0.0273,0.0273,0.02730,38857.61262,2
2025-01-02 15:00:00,0.02726,0.02726,0.02725,0.02725,0.02725,4066.21555,2
2025-01-02 15:15:00,0.02737,0.02737,0.02737,0.02737,0.02737,3654.97076023,1
2025-01-02 15:30:00,0.02708,0.02708,0.02708,0.02708,0.02708,18463.81093057,1
2025-01-02 15:45:00,0.02708,0.02708,0.02708,0.02708,0.00000,0.0,0
2025-01-02 16:00:00,0.02711,0.02711,0.02711,0.02711,0.02711,38549.4927,3
2025-01-02 16:15:00,0.02711,0.02711,0.02711,0.02711,0.00000,0.0,0
2025-01-02 16:30:00,0.02749,0.02753,0.02747,0.02747,0.02749,183866.79833787,7
2025-01-02 16:45:00,0.02752,0.02753,0.02752,0.02753,0.02752,4667.01301385,2
2025-01-02 17:00:00,0.02745,0.02745,0.02738,0.02738,0.02738,7333.40598,3
2025-01-02 17:15:00,0.02738,0.02738,0.02738,0.02738,0.00000,0.0,0
2025-01-02 17:30:00,0.02727,0.02727,0.02727,0.02727,0.02727,1730.54869,1
2025-01-02 17:45:00,0.02727,0.02727,0.02727,0.02727,0.00000,0.0,0
2025-01-02 18:00:00,0.02717,0.02717,0.02717,0.02717,0.02717,3679.1758646,1
2025-01-02 18:15:00,0.02722,0.02722,0.02722,0.02722,0.02722,3121.55710613,1
2025-01-02 18:30:00,0.02723,0.02723,0.02723,0.02723,0.02723,165.0,1
2025-01-02 18:45:00,0.02723,0.02723,0.02723,0.02723,0.00000,0.0,0
2025-01-02 19:00:00,0.02724,0.02727,0.0272,0.02722,0.02724,75157.62436396,6
2025-01-02 19:15:00,0.02722,0.02722,0.02722,0.02722,0.00000,0.0,0
2025-01-02 19:30:00,0.02722,0.02722,0.02722,0.02722,0.00000,0.0,0
2025-01-02 19:45:00,0.02702,0.02702,0.02702,0.02702,0.02702,3698.22485207,1
2025-01-02 20:00:00,0.02702,0.02702,0.02702,0.02702,0.00000,0.0,0
2025-01-02 20:15:00,0.02725,0.02725,0.02725,0.02725,0.02725,23576.9,1
2025-01-02 20:30:00,0.0271,0.0271,0.0271,0.0271,0.02710,1793.92791,1
2025-01-02 20:45:00,0.02717,0.02717,0.02717,0.02717,0.02717,6763.0,1
2025-01-02 21:00:00,0.02717,0.02717,0.02717,0.02717,0.00000,0.0,0
2025-01-02 21:15:00,0.02713,0.02713,0.02713,0.02713,0.02713,3835.744663,1
2025-01-02 21:30:00,0.0271,0.0271,0.02707,0.02707,0.02709,1973.540815,2
2025-01-02 21:45:00,0.02707,0.02707,0.02707,0.02707,0.00000,0.0,0
2025-01-02 22:00:00,0.02689,0.02689,0.02684,0.02684,0.02684,67457.0750797,4
2025-01-02 22:15:00,0.02683,0.02683,0.02674,0.02675,0.02675,96696.17353718,8
2025-01-02 22:30:00,0.0269,0.02692,0.0269,0.02692,0.02691,989.3805,2
2025-01-02 22:45:00,0.02692,0.02692,0.02692,0.02692,0.00000,0.0,0
2025-01-02 23:00:00,0.02696,0.02696,0.02692,0.02692,0.02695,17730.22839,3
2025-01-02 23:15:00,0.02693,0.02694,0.02693,0.02694,0.02693,1023.38354,2
2025-01-02 23:30:00,0.02705,0.02705,0.02705,0.02705,0.02705,13752.93253,1
2025-01-02 23:45:00,0.02705,0.02705,0.02705,0.02705,0.00000,0.0,0
2025-01-03 00:00:00,0.02705,0.02705,0.02705,0.02705,0.00000,0.0,0
2025-01-03 00:15:00,0.02705,0.02705,0.02705,0.02705,0.00000,0.0,0
2025-01-03 00:30:00,0.02705,0.02705,0.02705,0.02705,0.00000,0.0,0
2025-01-03 00:45:00,0.02705,0.02705,0.02705,0.02705,0.00000,0.0,0
2025-01-03 01:00:00,0.02705,0.02705,0.02705,0.02705,0.00000,0.0,0
2025-01-03 01:15:00,0.02705,0.02705,0.02705,0.02705,0.00000,0.0,0
2025-01-03 01:30:00,0.02672,0.02673,0.02667,0.02667,0.02670,137086.47463068,5
2025-01-03 01:45:00,0.02667,0.02667,0.02667,0.02667,0.00000,0.0,0
2025-01-03 02:00:00,0.02667,0.02667,0.02667,0.02667,0.00000,0.0,0
2025-01-03 02:15:00,0.02667,0.02667,0.02667,0.02667,0.00000,0.0,0
2025-01-03 02:30:00,0.027,0.027,0.02696,0.02696,0.02697,778.08501,2
2025-01-03 02:45:00,0.02678,0.02678,0.02675,0.02675,0.02677,67291.59366616,2
2025-01-03 03:00:00,0.02681,0.02681,0.02671,0.02671,0.02678,6266.83367358,3
2025-01-03 03:15:00,0.02671,0.02671,0.02671,0.02671,0.00000,0.0,0
2025-01-03 03:30:00,0.02671,0.02671,0.02671,0.02671,0.00000,0.0,0
2025-01-03 03:45:00,0.02671,0.02671,0.02671,0.02671,0.00000,0.0,0
2025-01-03 04:00:00,0.02671,0.02671,0.02671,0.02671,0.00000,0.0,0
2025-01-03 04:15:00,0.02664,0.02664,0.02664,0.02664,0.02664,262.59,1
2025-01-03 04:30:00,0.02658,0.02658,0.0265,0.0265,0.02653,15601.35504044,7
2025-01-03 04:45:00,0.0265,0.0265,0.0265,0.0265,0.00000,0.0,0
2025-01-03 05:00:00,0.0265,0.0265,0.0265,0.0265,0.00000,0.0,0
2025-01-03 05:15:00,0.02657,0.02657,0.0264,0.0264,0.02655,4258.64320662,3
2025-01-03 05:30:00,0.02646,0.02646,0.02643,0.02643,0.02645,4155.48336207,2
2025-01-03 05:45:00,0.02643,0.02643,0.0264,0.0264,0.02642,51771.16763334,4
2025-01-03 06:00:00,0.02654,0.02654,0.02654,0.02654,0.02654,165.0,1
2025-01-03 06:15:00,0.02648,0.02648,0.02648,0.02648,0.02648,91540.56659176,5
2025-01-03 06:30:00,0.02648,0.02648,0.02648,0.02648,0.00000,0.0,0
2025-01-03 06:45:00,0.02648,0.02648,0.02648,0.02648,0.00000,0.0,0
2025-01-03 07:00:00,0.02633,0.02633,0.02633,0.02633,0.02633,8815.41350531,1
2025-01-03 07:15:00,0.02639,0.0264,0.02626,0.02626,0.02631,63216.31825287,5
2025-01-03 07:30:00,0.02626,0.02626,0.02626,0.02626,0.00000,0.0,0
2025-01-03 07:45:00,0.02626,0.02626,0.02626,0.02626,0.02626,4894.0,1
2025-01-03 08:00:00,0.02626,0.02626,0.02626,0.02626,0.00000,0.0,0
2025-01-03 08:15:00,0.02626,0.02626,0.02626,0.02626,0.00000,0.0,0
2025-01-03 08:30:00,0.0263,0.0263,0.02626,0.02626,0.02626,18815.53231939,2
2025-01-03 08:45:00,0.02636,0.02636,0.02636,0.02636,0.02636,5974.21528682,1
2025-01-03 09:00:00,0.02664,0.02664,0.02664,0.02664,0.02664,1230.82469711,1
2025-01-03 09:15:00,0.02669,0.02669,0.02669,0.02669,0.02669,447.60128,1
2025-01-03 09:30:00,0.02662,0.02662,0.02662,0.02662,0.02662,486.91856,1
2025-01-03 09:45:00,0.02662,0.02662,0.02662,0.02662,0.00000,0.0,0
2025-01-03 10:00:00,0.02662,0.02662,0.02662,0.02662,0.00000,0.0,0
2025-01-03 10:15:00,0.02662,0.02662,0.02662,0.02662,0.00000,0.0,0
2025-01-03 10:30:00,0.02662,0.02662,0.02662,0.02662,0.00000,0.0,0
2025-01-03 10:45:00,0.02662,0.02662,0.02662,0.02662,0.00000,0.0,0
2025-01-03 11:00:00,0.02675,0.02675,0.02675,0.02675,0.02675,165.0,1
2025-01-03 11:15:00,0.02688,0.02696,0.02688,0.02696,0.02693,21301.81898061,4
2025-01-03 11:30:00,0.02696,0.02696,0.02645,0.02665,0.02678,159451.74176021,13
2025-01-03 11:45:00,0.02665,0.02665,0.02665,0.02665,0.00000,0.0,0
2025-01-03 12:00:00,0.02661,0.02661,0.02661,0.02661,0.02661,5897.2556531,1
2025-01-03 12:15:00,0.02672,0.02672,0.02672,0.02672,0.02672,18748.0,1
2025-01-03 12:30:00,0.02672,0.02672,0.02672,0.02672,0.00000,0.0,0
2025-01-03 12:45:00,0.02665,0.02672,0.02665,0.02672,0.02669,1020.22676483,2
2025-01-03 13:00:00,0.02688,0.02688,0.02688,0.02688,0.02688,276.90482,1
2025-01-03 13:15:00,0.02688,0.02688,0.02688,0.02688,0.00000,0.0,0
2025-01-03 13:30:00,0.02679,0.02679,0.02679,0.02679,0.02679,1026.85737,1
2025-01-03 13:45:00,0.02688,0.02688,0.02688,0.02688,0.02688,1105.2827381,1
2025-01-03 14:00:00,0.02696,0.02696,0.02696,0.02696,0.02696,1547.58891223,1
2025-01-03 14:15:00,0.02696,0.02696,0.02696,0.02696,0.00000,0.0,0
2025-01-03 14:30:00,0.02704,0.02717,0.02704,0.02717,0.02710,330.0,2
2025-01-03 14:45:00,0.02708,0.02718,0.02708,0.02718,0.02712,290815.8030253,12
2025-01-03 15:00:00,0.02724,0.02734,0.02724,0.02727,0.02725,55825.76423291,8
2025-01-03 15:15:00,0.02735,0.02735,0.02735,0.02735,0.02735,23.39937,1
2025-01-03 15:30:00,0.02739,0.02752,0.02739,0.0274,0.02741,657457.981166,17
2025-01-03 15:45:00,0.02759,0.02763,0.02759,0.02763,0.02762,53027.59993462,8
2025-01-03 16:00:00,0.02772,0.02776,0.02761,0.02761,0.02772,126622.0,6
2025-01-03 16:15:00,0.02762,0.02762,0.02762,0.02762,0.02762,52.63095,1
2025-01-03 16:30:00,0.02774,0.02777,0.02774,0.02777,0.02776,1404.28421711,2
2025-01-03 16:45:00,0.02775,0.02775,0.02771,0.02771,0.02774,40646.08122427,3
2025-01-03 17:00:00,0.02778,0.02778,0.02778,0.02778,0.02778,719.94240461,1
2025-01-03 17:15:00,0.02779,0.02779,0.02779,0.02779,0.02779,350.77707,1
2025-01-03 17:30:00,0.02779,0.02779,0.02779,0.02779,0.00000,0.0,0
2025-01-03 17:45:00,0.02772,0.02772,0.02772,0.02772,0.02772,6389.97494871,1
2025-01-03 18:00:00,0.02771,0.02771,0.02771,0.02771,0.02771,1734.91886,1
2025-01-03 18:15:00,0.02786,0.02792,0.02786,0.02791,0.02791,92650.88158746,9
2025-01-03 18:30:00,0.02789,0.02792,0.02789,0.02792,0.02789,179803.0,6
2025-01-03 18:45:00,0.02792,0.02792,0.02786,0.02786,0.02787,1102.48823911,2
2025-01-03 19:00:00,0.02791,0.02791,0.02791,0.02791,0.02791,5095.34887652,2
2025-01-03 19:15:00,0.02791,0.02791,0.02791,0.02791,0.00000,0.0,0
2025-01-03 19:30:00,0.02791,0.02791,0.02791,0.02791,0.02791,15015.57187038,1
2025-01-03 19:45:00,0.02791,0.02791,0.02791,0.02791,0.00000,0.0,0
2025-01-03 20:00:00,0.02772,0.02772,0.02772,0.02772,0.02772,7911.07501959,1
2025-01-03 20:15:00,0.02774,0.02774,0.02772,0.02774,0.02773,114333.65505494,6
2025-01-03 20:30:00,0.02773,0.02781,0.02773,0.02781,0.02780,4064.94248,2
2025-01-03 20:45:00,0.02783,0.02783,0.02783,0.02783,0.02783,188.86203,1
2025-01-03 21:00:00,0.02783,0.02783,0.02783,0.02783,0.00000,0.0,0
2025-01-03 21:15:00,0.02793,0.02794,0.02793,0.02794,0.02793,31626.93070124,3
2025-01-03 21:30:00,0.02793,0.02793,0.02793,0.02793,0.02793,2722.11731044,1
2025-01-03 21:45:00,0.02793,0.02793,0.02793,0.02793,0.00000,0.0,0
2025-01-03 22:00:00,0.02793,0.02793,0.02793,0.02793,0.00000,0.0,0
2025-01-03 22:15:00,0.02784,0.02784,0.0278,0.0278,0.02783,25106.63531775,3
2025-01-03 22:30:00,0.02781,0.02783,0.0278,0.0278,0.02780,34637.68616768,3
2025-01-03 22:45:00,0.0278,0.0278,0.0278,0.0278,0.00000,0.0,0
2025-01-03 23:00:00,0.02773,0.02773,0.02773,0.02773,0.02773,23000.0,1
2025-01-03 23:15:00,0.02773,0.02773,0.02773,0.02773,0.00000,0.0,0
2025-01-03 23:30:00,0.02773,0.02773,0.02773,0.02773,0.00000,0.0,0
2025-01-03 23:45:00,0.02773,0.02773,0.02773,0.02773,0.00000,0.0,0
2025-01-04 00:00:00,0.02784,0.0279,0.02784,0.0279,0.02784,40665.41098,3
2025-01-04 00:15:00,0.02787,0.02787,0.02787,0.02787,0.02787,32725.24417709,2
2025-01-04 00:30:00,0.02777,0.02777,0.02777,0.02777,0.02777,5517.77715897,1
2025-01-04 00:45:00,0.02782,0.02782,0.02773,0.02773,0.02781,3759.93546427,3
2025-01-04 01:00:00,0.02757,0.02757,0.02757,0.02757,0.02757,536.0292,1
2025-01-04 01:15:00,0.02757,0.02757,0.02757,0.02757,0.02757,1075.13503,1
2025-01-04 01:30:00,0.02764,0.02764,0.02764,0.02764,0.02764,1703.34280568,1
2025-01-04 01:45:00,0.02764,0.02764,0.02764,0.02764,0.00000,0.0,0
2025-01-04 02:00:00,0.02764,0.02764,0.02764,0.02764,0.00000,0.0,0
2025-01-04 02:15:00,0.02767,0.02767,0.02767,0.02767,0.02767,90.00802,1
2025-01-04 02:30:00,0.02773,0.02773,0.02773,0.02773,0.02773,204.75902238,1
2025-01-04 02:45:00,0.02773,0.02773,0.02773,0.02773,0.00000,0.0,0
2025-01-04 03:00:00,0.02787,0.02787,0.02773,0.02773,0.02785,41975.62115771,3
2025-01-04 03:15:00,0.02773,0.02773,0.02773,0.02773,0.00000,0.0,0
2025-01-04 03:30:00,0.02773,0.02773,0.02773,0.02773,0.00000,0.0,0
2025-01-04 03:45:00,0.02773,0.02773,0.02773,0.02773,0.00000,0.0,0
2025-01-04 04:00:00,0.02788,0.02788,0.02771,0.02771,0.02785,13491.53671238,2
2025-01-04 04:15:00,0.02772,0.02772,0.02772,0.02772,0.02772,544.93452,1
2025-01-04 04:30:00,0.02772,0.02772,0.02772,0.02772,0.00000,0.0,0
2025-01-04 04:45:00,0.02772,0.02772,0.02772,0.02772,0.00000,0.0,0
2025-01-04 05:00:00,0.02772,0.02772,0.02772,0.02772,0.00000,0.0,0
2025-01-04 05:15:00,0.02772,0.02775,0.02772,0.02775,0.02774,1218.8155515,3
2025-01-04 05:30:00,0.02775,0.02775,0.02775,0.02775,0.02775,9909.20115,1
2025-01-04 05:45:00,0.02775,0.02775,0.02775,0.02775,0.00000,0.0,0
2025-01-04 06:00:00,0.02775,0.02785,0.02775,0.02785,0.02784,52128.61264,4
2025-01-04 06:15:00,0.02785,0.02787,0.02785,0.02787,0.02786,1591.34913,3
2025-01-04 06:30:00,0.02785,0.02785,0.02785,0.02785,0.02785,1875.29623,1
2025-01-04 06:45:00,0.0278,0.02794,0.0278,0.02794,0.02789,522.90980672,2
2025-01-04 07:00:00,0.02794,0.02794,0.02794,0.02794,0.00000,0.0,0
2025-01-04 07:15:00,0.02781,0.02781,0.02781,0.02781,0.02781,798.74686859,1
2025-01-04 07:30:00,0.02781,0.02781,0.02781,0.02781,0.00000,0.0,0
2025-01-04 07:45:00,0.02795,0.02796,0.02795,0.02796,0.02795,105000.0,4
2025-01-04 08:00:00,0.02774,0.02797,0.02774,0.02783,0.02777,110326.73031089,6
2025-01-04 08:15:00,0.02788,0.02788,0.02774,0.02774,0.02780,79782.24138428,6
2025-01-04 08:30:00,0.02774,0.02774,0.02774,0.02774,0.00000,0.0,0
2025-01-04 08:45:00,0.02774,0.02774,0.02774,0.02774,0.00000,0.0,0
2025-01-04 09:00:00,0.02764,0.02764,0.02764,0.02764,0.02764,3617.94500724,1
2025-01-04 09:15:00,0.02764,0.02764,0.02764,0.02764,0.00000,0.0,0
2025-01-04 09:30:00,0.02758,0.02758,0.02758,0.02758,0.02758,2506.86096,1
2025-01-04 09:45:00,0.02758,0.02758,0.02758,0.02758,0.02758,6299.275,2
2025-01-04 10:00:00,0.02733,0.02733,0.02733,0.02733,0.02733,5000.0,1
2025-01-04 10:15:00,0.02733,0.02733,0.02733,0.02733,0.00000,0.0,0
2025-01-04 10:30:00,0.02732,0.02737,0.02732,0.02737,0.02736,3890.15140083,2
2025-01-04 10:45:00,0.02737,0.02737,0.02737,0.02737,0.00000,0.0,0
2025-01-04 11:00:00,0.02741,0.02741,0.02741,0.02741,0.02741,19050.19791898,1
2025-01-04 11:15:00,0.02743,0.02744,0.02743,0.02744,0.02743,36363.63636363,2
2025-01-04 11:30:00,0.02744,0.02744,0.02744,0.02744,0.00000,0.0,0
2025-01-04 11:45:00,0.02745,0.02745,0.02745,0.02745,0.02745,4400.30314,1
2025-01-04 12:00:00,0.02745,0.02745,0.02745,0.02745,0.00000,0.0,0
2025-01-04 12:15:00,0.02791,0.02794,0.02791,0.02794,0.02793,23454.7,2
2025-01-04 12:30:00,0.02794,0.02794,0.02794,0.02794,0.00000,0.0,0
2025-01-04 12:45:00,0.02794,0.02794,0.02794,0.02794,0.00000,0.0,0
2025-01-04 13:00:00,0.02794,0.02794,0.02794,0.02794,0.00000,0.0,0
2025-01-04 13:15:00,0.02794,0.02794,0.02794,0.02794,0.00000,0.0,0
2025-01-04 13:30:00,0.02789,0.02789,0.02784,0.02784,0.02784,26369.1678085,3
2025-01-04 13:45:00,0.028,0.028,0.028,0.028,0.02800,750.0,1
2025-01-04 14:00:00,0.02797,0.02797,0.02792,0.02792,0.02794,7340.64392872,2
2025-01-04 14:15:00,0.02792,0.02792,0.02792,0.02792,0.00000,0.0,0
2025-01-04 14:30:00,0.02787,0.02787,0.02787,0.02787,0.02787,385.79788473,1
2025-01-04 14:45:00,0.0279,0.02804,0.0279,0.02804,0.02790,31388.97147522,4
2025-01-04 15:00:00,0.02798,0.02816,0.02791,0.02791,0.02799,613660.68892271,19
2025-01-04 15:15:00,0.02763,0.02763,0.02763,0.02763,0.02763,983.63899819,1
2025-01-04 15:30:00,0.02734,0.02734,0.02712,0.02712,0.02725,30589.84088571,8
2025-01-04 15:45:00,0.02717,0.02729,0.02708,0.02708,0.02719,611490.12770733,18
2025-01-04 16:00:00,0.02708,0.02708,0.02708,0.02708,0.00000,0.0,0
2025-01-04 16:15:00,0.02739,0.02741,0.02739,0.02741,0.02739,1078.90678,2
2025-01-04 16:30:00,0.02726,0.0273,0.02725,0.02725,0.02728,70213.61342125,8
2025-01-04 16:45:00,0.02725,0.02725,0.02725,0.02725,0.00000,0.0,0
2025-01-04 17:00:00,0.02725,0.02725,0.02713,0.02717,0.02716,81609.49981061,4
2025-01-04 17:15:00,0.02717,0.02717,0.02717,0.02717,0.00000,0.0,0
2025-01-04 17:30:00,0.02717,0.02717,0.02717,0.02717,0.00000,0.0,0
2025-01-04 17:45:00,0.02738,0.02738,0.02738,0.02738,0.02738,10265.0,1
2025-01-04 18:00:00,0.02744,0.02745,0.02744,0.02745,0.02744,6162.064,2
2025-01-04 18:15:00,0.02745,0.02745,0.02745,0.02745,0.00000,0.0,0
2025-01-04 18:30:00,0.02738,0.0274,0.02738,0.0274,0.02738,11241.07250376,2
2025-01-04 18:45:00,0.02735,0.02735,0.02731,0.02731,0.02733,1054.72736,2
2025-01-04 19:00:00,0.02731,0.02731,0.02731,0.02731,0.00000,0.0,0
2025-01-04 19:15:00,0.02749,0.02749,0.02748,0.02749,0.02748,43919.05423,3
2025-01-04 19:30:00,0.02751,0.02751,0.02751,0.02751,0.02751,250.0,1
2025-01-04 19:45:00,0.02749,0.02749,0.02749,0.02749,0.02749,35231.82984,1
2025-01-04 20:00:00,0.02749,0.02749,0.02749,0.02749,0.00000,0.0,0
2025-01-04 20:15:00,0.02749,0.02749,0.02749,0.02749,0.00000,0.0,0
2025-01-04 20:30:00,0.02749,0.02749,0.02749,0.02749,0.00000,0.0,0
2025-01-04 20:45:00,0.02749,0.02749,0.02749,0.02749,0.00000,0.0,0
2025-01-04 21:00:00,0.02767,0.02767,0.02765,0.02765,0.02766,3709.42294,2
2025-01-04 21:15:00,0.02765,0.02765,0.02765,0.02765,0.02765,614.82820976,1
2025-01-04 21:30:00,0.02765,0.02765,0.02765,0.02765,0.00000,0.0,0
2025-01-04 21:45:00,0.02765,0.02765,0.02765,0.02765,0.00000,0.0,0
2025-01-04 22:00:00,0.02765,0.02765,0.02765,0.02765,0.00000,0.0,0
2025-01-04 22:15:00,0.02765,0.02765,0.02765,0.02765,0.00000,0.0,0
2025-01-04 22:30:00,0.02765,0.02765,0.02765,0.02765,0.00000,0.0,0
2025-01-04 22:45:00,0.0274,0.0274,0.0274,0.0274,0.02740,159.13243,1
2025-01-04 23:00:00,0.0274,0.0274,0.0274,0.0274,0.00000,0.0,0
2025-01-04 23:15:00,0.0274,0.0274,0.0274,0.0274,0.00000,0.0,0
2025-01-04 23:30:00,0.02759,0.02759,0.02759,0.02759,0.02759,20451.61290323,1
2025-01-04 23:45:00,0.02756,0.02756,0.02756,0.02756,0.02756,671.34573,1
2025-01-05 00:00:00,0.02756,0.02756,0.02756,0.02756,0.00000,0.0,0
2025-01-05 00:15:00,0.02748,0.02748,0.02748,0.02748,0.02748,896.30793,1
2025-01-05 00:30:00,0.02748,0.02748,0.02748,0.02748,0.00000,0.0,0
2025-01-05 00:45:00,0.02728,0.02728,0.02728,0.02728,0.02728,44.06034,1
2025-01-05 01:00:00,0.02728,0.02728,0.02728,0.02728,0.00000,0.0,0
2025-01-05 01:15:00,0.02728,0.02728,0.02728,0.02728,0.00000,0.0,0
2025-01-05 01:30:00,0.02728,0.02728,0.02728,0.02728,0.00000,0.0,0
2025-01-05 01:45:00,0.02728,0.02728,0.02728,0.02728,0.00000,0.0,0
2025-01-05 02:00:00,0.02728,0.02728,0.02728,0.02728,0.00000,0.0,0
2025-01-05 02:15:00,0.02722,0.02722,0.02722,0.02722,0.02722,3673.76928728,1
2025-01-05 02:30:00,0.02722,0.02722,0.02722,0.02722,0.00000,0.0,0
2025-01-05 02:45:00,0.02719,0.02719,0.02719,0.02719,0.02719,169.32611,1
2025-01-05 03:00:00,0.02722,0.02722,0.02722,0.02722,0.02722,1251.4,1
2025-01-05 03:15:00,0.02716,0.02716,0.02716,0.02716,0.02716,8468.33578792,1
2025-01-05 03:30:00,0.02716,0.02716,0.02716,0.02716,0.00000,0.0,0
2025-01-05 03:45:00,0.02716,0.02716,0.02716,0.02716,0.02716,750.07339,1
2025-01-05 04:00:00,0.02716,0.02716,0.02716,0.02716,0.00000,0.0,0
2025-01-05 04:15:00,0.02716,0.02716,0.02716,0.02716,0.00000,0.0,0
2025-01-05 04:30:00,0.02716,0.02716,0.02716,0.02716,0.00000,0.0,0
2025-01-05 04:45:00,0.02716,0.02716,0.02716,0.02716,0.00000,0.0,0
2025-01-05 05:00:00,0.02716,0.02716,0.02716,0.02716,0.00000,0.0,0
2025-01-05 05:15:00,0.02716,0.02716,0.02716,0.02716,0.02716,73.3189,1
2025-01-05 05:30:00,0.02715,0.02715,0.02715,0.02715,0.02715,1847.58249,1
2025-01-05 05:45:00,0.02705,0.02705,0.02705,0.02705,0.02705,9801.86343859,3
2025-01-05 06:00:00,0.02705,0.02705,0.02705,0.02705,0.02705,306.20554733,1
2025-01-05 06:15:00,0.02705,0.02705,0.02705,0.02705,0.00000,0.0,0
2025-01-05 06:30:00,0.02705,0.02705,0.02705,0.02705,0.00000,0.0,0
2025-01-05 06:45:00,0.02728,0.02728,0.02728,0.02728,0.02728,4618.58408,2
2025-01-05 07:00:00,0.02728,0.02728,0.02728,0.02728,0.00000,0.0,0
2025-01-05 07:15:00,0.02728,0.02728,0.02728,0.02728,0.00000,0.0,0
2025-01-05 07:30:00,0.02728,0.02728,0.02728,0.02728,0.00000,0.0,0
2025-01-05 07:45:00,0.02725,0.02725,0.02725,0.02725,0.02725,261.671,1
2025-01-05 08:00:00,0.027,0.027,0.027,0.027,0.02700,93967.76325616,3
2025-01-05 08:15:00,0.02694,0.02698,0.02694,0.02698,0.02695,19562.86224885,4
2025-01-05 08:30:00,0.02698,0.02698,0.02698,0.02698,0.00000,0.0,0
2025-01-05 08:45:00,0.02698,0.02698,0.02698,0.02698,0.00000,0.0,0
2025-01-05 09:00:00,0.02715,0.02715,0.02715,0.02715,0.02715,4364.5523323,2
2025-01-05 09:15:00,0.02715,0.02715,0.02715,0.02715,0.02715,686.58193,1
2025-01-05 09:30:00,0.02695,0.02698,0.02695,0.02698,0.02697,3829.61308247,3
2025-01-05 09:45:00,0.02692,0.02692,0.02689,0.0269,0.02690,11705.32121819,4
2025-01-05 10:00:00,0.02682,0.02686,0.02679,0.02681,0.02682,99301.79241403,8
2025-01-05 10:15:00,0.02681,0.02681,0.02681,0.02681,0.00000,0.0,0
2025-01-05 10:30:00,0.02681,0.02681,0.02681,0.02681,0.00000,0.0,0
2025-01-05 10:45:00,0.02696,0.02698,0.02696,0.02698,0.02697,3709.19881305,2
2025-01-05 11:00:00,0.02698,0.02698,0.02698,0.02698,0.00000,0.0,0
2025-01-05 11:15:00,0.02701,0.02705,0.02701,0.02705,0.02702,55747.50462107,2
2025-01-05 11:30:00,0.02705,0.02705,0.02705,0.02705,0.00000,0.0,0
2025-01-05 11:45:00,0.02705,0.02705,0.02705,0.02705,0.00000,0.0,0
2025-01-05 12:00:00,0.02696,0.02696,0.02696,0.02696,0.02696,3969.51413,1
2025-01-05 12:15:00,0.02696,0.02696,0.02696,0.02696,0.00000,0.0,0
2025-01-05 12:30:00,0.02699,0.02699,0.02699,0.02699,0.02699,166.90578106,1
2025-01-05 12:45:00,0.02716,0.02716,0.02716,0.02716,0.02716,165.0,1
2025-01-05 13:00:00,0.02716,0.02716,0.02716,0.02716,0.00000,0.0,0
2025-01-05 13:15:00,0.02708,0.02708,0.02708,0.02708,0.02708,3692.76218612,1
2025-01-05 13:30:00,0.02708,0.02708,0.02708,0.02708,0.00000,0.0,0
2025-01-05 13:45:00,0.02708,0.02708,0.02708,0.02708,0.00000,0.0,0
2025-01-05 14:00:00,0.02708,0.02708,0.02708,0.02708,0.00000,0.0,0
2025-01-05 14:15:00,0.02659,0.02669,0.02659,0.02669,0.02661,886.16566903,3
2025-01-05 14:30:00,0.02667,0.02678,0.02667,0.02678,0.02667,60492.52035557,4
2025-01-05 14:45:00,0.02687,0.02687,0.02687,0.02687,0.02687,11189.0,1
2025-01-05 15:00:00,0.02694,0.02694,0.02694,0.02694,0.02694,165.0,1
2025-01-05 15:15:00,0.02681,0.02681,0.0268,0.0268,0.02680,28188.8,2
2025-01-05 15:30:00,0.0268,0.0268,0.0268,0.0268,0.00000,0.0,0
2025-01-05 15:45:00,0.02691,0.02691,0.02686,0.02686,0.02688,53296.7,4
2025-01-05 16:00:00,0.02686,0.02686,0.02686,0.02686,0.02686,8142.56282,1
2025-01-05 16:15:00,0.02673,0.02673,0.02673,0.02673,0.02673,3725.7824143,1
2025-01-05 16:30:00,0.02669,0.02669,0.02669,0.02669,0.02669,18738.82755618,1
2025-01-05 16:45:00,0.02669,0.02669,0.02669,0.02669,0.00000,0.0,0
2025-01-05 17:00:00,0.02669,0.02669,0.02669,0.02669,0.00000,0.0,0
2025-01-05 17:15:00,0.02669,0.02669,0.02669,0.02669,0.00000,0.0,0
2025-01-05 17:30:00,0.02689,0.02689,0.02687,0.02687,0.02687,32262.12541,3
2025-01-05 17:45:00,0.02687,0.02687,0.02687,0.02687,0.00000,0.0,0
2025-01-05 18:00:00,0.02667,0.02667,0.02667,0.02667,0.02667,729.39460247,1
2025-01-05 18:15:00,0.0267,0.02674,0.0267,0.02674,0.02672,21651.80391,2
2025-01-05 18:30:00,0.02678,0.02678,0.02678,0.02678,0.02678,6252.0,1
2025-01-05 18:45:00,0.02678,0.02678,0.02678,0.02678,0.00000,0.0,0
2025-01-05 19:00:00,0.02678,0.02678,0.02678,0.02678,0.00000,0.0,0
2025-01-05 19:15:00,0.02678,0.02678,0.02678,0.02678,0.00000,0.0,0
2025-01-05 19:30:00,0.02678,0.02678,0.02678,0.02678,0.00000,0.0,0
2025-01-05 19:45:00,0.02678,0.02678,0.02678,0.02678,0.00000,0.0,0
2025-01-05 20:00:00,0.02707,0.02707,0.02707,0.02707,0.02707,167.93764002,1
2025-01-05 20:15:00,0.02715,0.02715,0.02715,0.02715,0.02715,165.0,1
2025-01-05 20:30:00,0.02713,0.02713,0.02713,0.02713,0.02713,761.21282003,1
2025-01-05 20:45:00,0.02713,0.02713,0.02713,0.02713,0.00000,0.0,0
2025-01-05 21:00:00,0.02716,0.02716,0.02716,0.02716,0.02716,714.66602,1
2025-01-05 21:15:00,0.02715,0.02715,0.02715,0.02715,0.02715,347.30403,1
2025-01-05 21:30:00,0.02715,0.02715,0.02715,0.02715,0.00000,0.0,0
2025-01-05 21:45:00,0.02724,0.02724,0.02722,0.02722,0.02722,8860.90942,2
2025-01-05 22:00:00,0.02713,0.02713,0.02713,0.02713,0.02713,27648.11122796,2
2025-01-05 22:15:00,0.02721,0.02721,0.02721,0.02721,0.02721,228.32229622,1
2025-01-05 22:30:00,0.02721,0.02721,0.02721,0.02721,0.00000,0.0,0
2025-01-05 22:45:00,0.02721,0.02721,0.02721,0.02721,0.00000,0.0,0
2025-01-05 23:00:00,0.02728,0.02728,0.02728,0.02728,0.02728,1014.10244478,1
2025-01-05 23:15:00,0.02725,0.02725,0.02725,0.02725,0.02725,1728.37049,1
2025-01-05 23:30:00,0.02725,0.02725,0.02725,0.02725,0.00000,0.0,0
2025-01-05 23:45:00,0.02725,0.02725,0.02725,0.02725,0.00000,0.0,0
2025-01-06 00:00:00,0.02709,0.02709,0.02709,0.02709,0.02709,491.81653,1
2025-01-06 00:15:00,0.02709,0.02709,0.02709,0.02709,0.00000,0.0,0
2025-01-06 00:30:00,0.02709,0.02709,0.02709,0.02709,0.00000,0.0,0
2025-01-06 00:45:00,0.02709,0.02709,0.02709,0.02709,0.00000,0.0,0
2025-01-06 01:00:00,0.0268,0.0268,0.0267,0.0267,0.02672,204331.76377478,9
2025-01-06 01:15:00,0.0267,0.0267,0.0267,0.0267,0.00000,0.0,0
2025-01-06 01:30:00,0.0267,0.0267,0.0267,0.0267,0.00000,0.0,0
2025-01-06 01:45:00,0.02696,0.02696,0.02696,0.02696,0.02696,339.59845,1
2025-01-06 02:00:00,0.02728,0.02734,0.02728,0.02734,0.02731,2540.39690191,2
2025-01-06 02:15:00,0.02734,0.02734,0.02734,0.02734,0.00000,0.0,0
